type,language,count,percentage
total,all,278655,100.0
total,python,84924,30.4763955428756
total,javascript,23534,8.445568893434533
total,bash,21360,7.665392689885342
total,cpp,20021,7.184870179971649
total,java,17674,6.3426100375015695
total,csharp,15056,5.403097019612066
total,html,9985,3.5832839891622252
total,json,7968,2.859449857350487
total,c,7750,2.7812169169761893
total,sql,6024,2.1618129945631694
total,sh,5050,1.8122768297715814
total,shell,3578,1.2840250488955878
total,matlab,3548,1.2732590479266475
total,xml,3448,1.2373723780301806
total,css,3092,1.1096158331987582
total,r,2954,1.060092228741634
total,typescript,2703,0.9700166873015019
total,jsx,2490,0.8935780804220272
total,lua,2451,0.8795822791624051
total,vba,2426,0.8706106116882883
total,kotlin,2346,0.841901275771115
total,dart,1894,0.6796935278390842
total,php,1838,0.6595969926970627
total,go,1611,0.5781342520320827
total,rust,1541,0.5530135831045558
total,yaml,1510,0.5418887154366511
total,solidity,1423,0.5106673126267248
total,powershell,1212,0.43494643914517955
total,plaintext,1184,0.4248981715741688
total,mql4,761,0.27309755791211354
total,julia,697,0.2501300891783747
total,actionscript,678,0.24331162189804595
total,clojure,595,0.21352568588397838
total,vue,562,0.2016830848181443
total,groovy,481,0.17261488220200605
total,vb,469,0.16830848181443003
total,swift,452,0.16220774793203066
total,latex,420,0.15072401356516124
total,excel,401,0.14390554628483251
total,tsx,389,0.13959914589725647
total,haskell,389,0.13959914589725647
total,scala,377,0.13529274550968043
total,ruby,366,0.13134521182106906
total,assembly,359,0.12883314492831638
total,mathematica,353,0.12667994473452834
total,cmake,349,0.1252444779386697
total,cmd,346,0.12416787784177566
total,gdscript,338,0.12129694425005833
total,batch,328,0.11770827726041162
total,markdown,308,0.11053094328111823
total,prolog,294,0.10550680949561286
total,dockerfile,292,0.10478907609768352
total,toml,289,0.1037124760007895
total,glsl,280,0.1004826757101075
total,ini,228,0.08182160736394466
total,pinescript,222,0.07966840717015665
total,xaml,217,0.0778740736753333
total,properties,198,0.07105560639500458
total,delphi,197,0.07069673969603991
total,dax,182,0.06531373921156987
total,gradle,174,0.0624428056198525
total,mermaid,169,0.06064847212502916
total,jsp,153,0.05490660494159445
total,as3,144,0.051676804650912414
total,nginx,141,0.05060020455401841
total,pascal,141,0.05060020455401841
total,mql5,139,0.04988247115608908
total,bat,135,0.04844700436023039
total,plantuml,124,0.04449947067161903
total,verilog,123,0.04414060397265436
total,stata,121,0.04342287057472502
total,regex,120,0.04306400387576035
total,conf,118,0.04234627047783101
total,ahk,113,0.040551936983007665
total,makefile,106,0.038039870090254974
total,lisp,103,0.03696326999336096
total,sas,97,0.03481006979957295
total,gd,89,0.031939136207855594
total,racket,81,0.029068202616138236
total,autohotkey,78,0.02799160251924423
total,nix,78,0.02799160251924423
total,asm,75,0.026915002422350218
total,wolfram,74,0.02655613572338555
total,renpy,73,0.02619726902442088
total,mysql,70,0.025120668927526874
total,vbscript,70,0.025120668927526874
total,systemverilog,70,0.025120668927526874
total,objective-c,70,0.025120668927526874
total,osl,70,0.025120668927526874
total,hcl,68,0.02440293552959753
total,csv,66,0.023685202131668193
total,supercollider,66,0.023685202131668193
total,vim,65,0.023326335432703522
total,text,63,0.022608602034774182
total,1c,61,0.02189086863684484
total,gml,59,0.021173135238915505
total,apache,58,0.020814268539950838
total,hlsl,56,0.020096535142021497
total,scilab,52,0.018661068346162817
total,vhdl,50,0.01794333494823348
total,txt,48,0.01722560155030414
total,sqf,48,0.01722560155030414
total,perl,47,0.01686673485133947
total,pseudo,44,0.015790134754445462
total,pine,44,0.015790134754445462
total,ocaml,41,0.014713534657551453
total,http,40,0.014354667958586784
total,basic,40,0.014354667958586784
total,scss,38,0.013636934560657442
total,reg,38,0.013636934560657442
total,applescript,38,0.013636934560657442
total,windev,37,0.013278067861692775
total,foxpro,37,0.013278067861692775
total,abc,36,0.012919201162728104
total,jinja,34,0.012201467764798765
total,nim,34,0.012201467764798765
total,svelte,32,0.011483734366869426
total,arduino,32,0.011483734366869426
total,razor,30,0.010766000968940087
total,scheme,30,0.010766000968940087
total,ada,29,0.010407134269975419
total,fortran,29,0.010407134269975419
total,maple,29,0.010407134269975419
total,octave,29,0.010407134269975419
total,mcfunction,28,0.010048267571010749
total,m,28,0.010048267571010749
total,xpath,27,0.009689400872046079
total,scratch,27,0.009689400872046079
total,prisma,26,0.009330534173081408
total,diff,26,0.009330534173081408
total,protobuf,26,0.009330534173081408
total,svg,26,0.009330534173081408
total,cypher,22,0.007895067377222731
total,minecraft,22,0.007895067377222731
total,tex,21,0.0075362006782580615
total,powerapps,21,0.0075362006782580615
total,cs,20,0.007177333979293392
total,gherkin,20,0.007177333979293392
total,pseudocode,18,0.006459600581364052
total,console,17,0.006100733882399382
total,plain,17,0.006100733882399382
total,blade,17,0.006100733882399382
total,pgsql,17,0.006100733882399382
total,elixir,16,0.005741867183434713
total,liquid,16,0.005741867183434713
total,cshtml,16,0.005741867183434713
total,smali,16,0.005741867183434713
total,clips,16,0.005741867183434713
total,ps,16,0.005741867183434713
total,pawn,16,0.005741867183434713
total,haxe,16,0.005741867183434713
total,jojo,16,0.005741867183434713
total,livecode,15,0.005383000484470044
total,kickstart,15,0.005383000484470044
total,gdb,14,0.005024133785505374
total,qml,14,0.005024133785505374
total,yara,14,0.005024133785505374
total,cfg,13,0.004665267086540704
total,graphql,13,0.004665267086540704
total,bsl,12,0.004306400387576035
total,processing,12,0.004306400387576035
total,mq4,12,0.004306400387576035
total,mql,12,0.004306400387576035
total,objc,12,0.004306400387576035
total,none,12,0.004306400387576035
total,antlr,11,0.0039475336886113654
total,tcl,11,0.0039475336886113654
total,cql,11,0.0039475336886113654
total,twig,11,0.0039475336886113654
total,vbs,11,0.0039475336886113654
total,apple_script,11,0.0039475336886113654
total,purebasic,11,0.0039475336886113654
total,mathcad,11,0.0039475336886113654
total,tsp,11,0.0039475336886113654
total,halcon,11,0.0039475336886113654
total,tjs,10,0.003588666989646696
total,jql,10,0.003588666989646696
total,blocks,10,0.003588666989646696
total,django,10,0.003588666989646696
total,meson,10,0.003588666989646696
total,openscad,9,0.003229800290682026
total,forth,9,0.003229800290682026
total,shader,9,0.003229800290682026
total,srt,9,0.003229800290682026
total,powerfx,9,0.003229800290682026
total,rpy,9,0.003229800290682026
total,elisp,8,0.0028709335917173565
total,cucumber,8,0.0028709335917173565
total,erlang,8,0.0028709335917173565
total,plpgsql,8,0.0028709335917173565
total,plsql,7,0.002512066892752687
total,mel,7,0.002512066892752687
total,make,7,0.002512066892752687
total,routeros,7,0.002512066892752687
total,wiki,7,0.002512066892752687
total,redis,7,0.002512066892752687
total,ebnf,7,0.002512066892752687
total,astro,7,0.002512066892752687
total,actionscript3,7,0.002512066892752687
total,qmake,6,0.0021532001937880174
total,bibtex,6,0.0021532001937880174
total,pro,6,0.0021532001937880174
total,dot,6,0.0021532001937880174
total,cuda,6,0.0021532001937880174
total,select,6,0.0021532001937880174
total,zsh,6,0.0021532001937880174
total,autoit,6,0.0021532001937880174
total,env,6,0.0021532001937880174
total,dm,6,0.0021532001937880174
total,ncl,6,0.0021532001937880174
total,nasm,6,0.0021532001937880174
total,vimscript,6,0.0021532001937880174
total,pug,5,0.001794333494823348
total,ejs,5,0.001794333494823348
total,qs,5,0.001794333494823348
total,math,5,0.001794333494823348
total,markup,5,0.001794333494823348
total,html-vue,5,0.001794333494823348
total,flux,5,0.001794333494823348
total,cron,5,0.001794333494823348
total,coq,5,0.001794333494823348
total,pseudo-code,5,0.001794333494823348
total,zig,5,0.001794333494823348
total,x++,5,0.001794333494823348
total,git,5,0.001794333494823348
total,cisco,5,0.001794333494823348
total,mongo,5,0.001794333494823348
total,nsis,5,0.001794333494823348
total,asdl,5,0.001794333494823348
total,inf,5,0.001794333494823348
total,less,5,0.001794333494823348
total,sagemath,5,0.001794333494823348
total,command,4,0.0014354667958586783
total,erb,4,0.0014354667958586783
total,ps1,4,0.0014354667958586783
total,msf,4,0.0014354667958586783
total,papyrus,4,0.0014354667958586783
total,macro,4,0.0014354667958586783
total,clojurescript,4,0.0014354667958586783
total,maxscript,4,0.0014354667958586783
total,yul,4,0.0014354667958586783
total,vbnet,4,0.0014354667958586783
total,fish,4,0.0014354667958586783
total,pig,4,0.0014354667958586783
total,eel2,4,0.0014354667958586783
total,terminal,4,0.0014354667958586783
total,caddyfile,4,0.0014354667958586783
total,bpftrace,4,0.0014354667958586783
total,ijvm,3,0.0010766000968940087
total,wikicode,3,0.0010766000968940087
total,sage,3,0.0010766000968940087
total,stan,3,0.0010766000968940087
total,mongodb,3,0.0010766000968940087
total,terraform,3,0.0010766000968940087
total,sol,3,0.0010766000968940087
total,elm,3,0.0010766000968940087
total,emacs-lisp,3,0.0010766000968940087
total,dts,3,0.0010766000968940087
total,jsonata,3,0.0010766000968940087
total,html+php,3,0.0010766000968940087
total,smarty,3,0.0010766000968940087
total,swig,3,0.0010766000968940087
total,avro,3,0.0010766000968940087
total,ipython,3,0.0010766000968940087
total,spl,3,0.0010766000968940087
total,pine-script,3,0.0010766000968940087
total,thrift,3,0.0010766000968940087
total,qc,3,0.0010766000968940087
total,apacheconf,3,0.0010766000968940087
total,apex,3,0.0010766000968940087
total,cython,3,0.0010766000968940087
total,smt,3,0.0010766000968940087
total,joy,3,0.0010766000968940087
total,hiveql,3,0.0010766000968940087
total,lilypond,3,0.0010766000968940087
total,v,3,0.0010766000968940087
total,puml,2,0.0007177333979293391
total,portugol,2,0.0007177333979293391
total,docker,2,0.0007177333979293391
total,fsharp,2,0.0007177333979293391
total,cobol,2,0.0007177333979293391
total,smalltalk,2,0.0007177333979293391
total,owl,2,0.0007177333979293391
total,tlis,2,0.0007177333979293391
total,config,2,0.0007177333979293391
total,nextflow,2,0.0007177333979293391
total,purescript,2,0.0007177333979293391
total,regexp,2,0.0007177333979293391
total,mdx,2,0.0007177333979293391
total,promql,2,0.0007177333979293391
total,opl,2,0.0007177333979293391
total,excel-vba,2,0.0007177333979293391
total,ahdl,2,0.0007177333979293391
total,datalog,2,0.0007177333979293391
total,org,2,0.0007177333979293391
total,gitignore,2,0.0007177333979293391
total,aspx,2,0.0007177333979293391
total,desktop,2,0.0007177333979293391
total,pf,2,0.0007177333979293391
total,ampl,2,0.0007177333979293391
total,gtk,2,0.0007177333979293391
total,unrealscript,2,0.0007177333979293391
total,wgsl,2,0.0007177333979293391
total,blitzbasic,2,0.0007177333979293391
total,visualforce,2,0.0007177333979293391
total,ladder,2,0.0007177333979293391
total,proto,2,0.0007177333979293391
total,ld,2,0.0007177333979293391
total,asp,2,0.0007177333979293391
total,gams,2,0.0007177333979293391
total,robot,2,0.0007177333979293391
total,overpass,2,0.0007177333979293391
total,zpl,2,0.0007177333979293391
total,dataview,2,0.0007177333979293391
total,dash,2,0.0007177333979293391
total,handlebars,2,0.0007177333979293391
total,spec,2,0.0007177333979293391
total,dotenv,2,0.0007177333979293391
total,mediawiki,2,0.0007177333979293391
total,ce,2,0.0007177333979293391
total,fennel,2,0.0007177333979293391
total,praat,2,0.0007177333979293391
total,yacc,2,0.0007177333979293391
total,procfile,2,0.0007177333979293391
total,gn,2,0.0007177333979293391
total,netlogo,2,0.0007177333979293391
total,blueprint,2,0.0007177333979293391
total,tablegen,2,0.0007177333979293391
total,mlir,2,0.0007177333979293391
total,sudoers,2,0.0007177333979293391
total,crontab,2,0.0007177333979293391
total,language,1,0.00035886669896466957
total,llvm,1,0.00035886669896466957
total,scad,1,0.00035886669896466957
total,patch,1,0.00035886669896466957
total,hoi4,1,0.00035886669896466957
total,hspice,1,0.00035886669896466957
total,react,1,0.00035886669896466957
total,logo,1,0.00035886669896466957
total,coffeescript,1,0.00035886669896466957
total,crystal,1,0.00035886669896466957
total,boo,1,0.00035886669896466957
total,vala,1,0.00035886669896466957
total,tsql,1,0.00035886669896466957
total,xslt,1,0.00035886669896466957
total,tcsh,1,0.00035886669896466957
total,graphviz,1,0.00035886669896466957
total,drools,1,0.00035886669896466957
total,scratchblocks,1,0.00035886669896466957
total,gpc,1,0.00035886669896466957
total,mosel,1,0.00035886669896466957
total,registry,1,0.00035886669896466957
total,err,1,0.00035886669896466957
total,error,1,0.00035886669896466957
total,c+++,1,0.00035886669896466957
total,batchfile,1,0.00035886669896466957
total,flex,1,0.00035886669896466957
total,bison,1,0.00035886669896466957
total,curl,1,0.00035886669896466957
total,aidl,1,0.00035886669896466957
total,bazel,1,0.00035886669896466957
total,autolisp,1,0.00035886669896466957
total,npm,1,0.00035886669896466957
total,bnf,1,0.00035886669896466957
total,lang,1,0.00035886669896466957
total,ssh_config,1,0.00035886669896466957
total,sass,1,0.00035886669896466957
total,idl,1,0.00035886669896466957
total,fbs,1,0.00035886669896466957
total,as,1,0.00035886669896466957
total,move,1,0.00035886669896466957
total,shaderlab,1,0.00035886669896466957
total,jil,1,0.00035886669896466957
total,bms,1,0.00035886669896466957
total,tmux,1,0.00035886669896466957
total,uci,1,0.00035886669896466957
total,base64,1,0.00035886669896466957
total,lsl,1,0.00035886669896466957
total,cplusplus,1,0.00035886669896466957
total,conky,1,0.00035886669896466957
total,cmmake,1,0.00035886669896466957
total,jsonl,1,0.00035886669896466957
total,string,1,0.00035886669896466957
total,swrl,1,0.00035886669896466957
total,huff,1,0.00035886669896466957
total,walter,1,0.00035886669896466957
total,ldap,1,0.00035886669896466957
total,sourcepawn,1,0.00035886669896466957
total,dataviewjs,1,0.00035886669896466957
total,raw,1,0.00035886669896466957
total,plist,1,0.00035886669896466957
total,ics,1,0.00035886669896466957
total,afl,1,0.00035886669896466957
total,awk,1,0.00035886669896466957
total,s,1,0.00035886669896466957
total,bbc,1,0.00035886669896466957
total,ridl,1,0.00035886669896466957
total,url,1,0.00035886669896466957
total,ascii,1,0.00035886669896466957
total,func,1,0.00035886669896466957
total,eel,1,0.00035886669896466957
total,aspnet,1,0.00035886669896466957
total,zoql,1,0.00035886669896466957
total,pgsq,1,0.00035886669896466957
total,aftereffects,1,0.00035886669896466957
total,qbasic,1,0.00035886669896466957
total,quakec,1,0.00035886669896466957
total,arm,1,0.00035886669896466957
total,rst,1,0.00035886669896466957
total,abap,1,0.00035886669896466957
total,skript,1,0.00035886669896466957
total,prism,1,0.00035886669896466957
total,qsharp,1,0.00035886669896466957
total,psudo,1,0.00035886669896466957
total,mocodo,1,0.00035886669896466957
total,lrc,1,0.00035886669896466957
total,crelasticran_integration_request_with_empty_celldata,1,0.00035886669896466957
total,wikitext,1,0.00035886669896466957
total,hs,1,0.00035886669896466957
total,log,1,0.00035886669896466957
total,lex,1,0.00035886669896466957
total,cxx,1,0.00035886669896466957
assistant,all,278251,100.0
assistant,python,84856,30.496206662330057
assistant,javascript,23492,8.442736953326314
assistant,bash,21311,7.658912277044827
assistant,cpp,19997,7.18667677744195
assistant,java,17627,6.334927816971009
assistant,csharp,15055,5.410582531599167
assistant,html,9976,3.585252164412706
assistant,json,7953,2.858210752162616
assistant,c,7749,2.7848956517676484
assistant,sql,6020,2.163514237145599
assistant,sh,5048,1.8141893470284023
assistant,shell,3561,1.2797797671886175
assistant,matlab,3548,1.2751077264771735
assistant,xml,3437,1.2352156865563826
assistant,css,3089,1.1101487505884975
assistant,r,2953,1.0612720169918526
assistant,typescript,2700,0.9703469169922121
assistant,jsx,2483,0.892359775885801
assistant,lua,2445,0.8787030414985032
assistant,vba,2426,0.8718746743048542
assistant,kotlin,2343,0.8420454913010196
assistant,dart,1893,0.6803210051356509
assistant,php,1838,0.6605546790487725
assistant,go,1611,0.5789736604720198
assistant,rust,1532,0.5505820284563219
assistant,yaml,1510,0.5426754980215704
assistant,solidity,1422,0.5110493762825651
assistant,powershell,1211,0.43521856165835887
assistant,plaintext,1183,0.4251557047414025
assistant,mql4,761,0.27349407549299015
assistant,julia,691,0.24833693320059946
assistant,actionscript,678,0.2436648924891555
assistant,clojure,595,0.21383570948532082
assistant,vue,561,0.2016165260861596
assistant,groovy,481,0.1728655063234274
assistant,vb,469,0.16855285335901757
assistant,swift,452,0.16244326165943698
assistant,latex,420,0.1509428537543441
assistant,excel,401,0.1441144865606952
assistant,tsx,389,0.13980183359628537
assistant,haskell,384,0.1380048948611146
assistant,scala,377,0.13548918063187554
assistant,ruby,365,0.1311765276674657
assistant,assembly,359,0.12902020118526078
assistant,mathematica,353,0.12686387470305588
assistant,cmake,348,0.12506693596788512
assistant,cmd,346,0.1243481604738168
assistant,gdscript,338,0.1214730584975436
assistant,batch,328,0.11787918102720205
assistant,markdown,299,0.10745693636321164
assistant,prolog,294,0.10565999762804086
assistant,dockerfile,292,0.10494122213397256
assistant,toml,289,0.10386305889287009
assistant,glsl,280,0.10062856916956274
assistant,ini,228,0.0819404063237868
assistant,pinescript,222,0.07978407984158188
assistant,xaml,217,0.07798714110641111
assistant,properties,198,0.07115877391276221
assistant,delphi,197,0.07079938616572806
assistant,dax,182,0.06540856996021578
assistant,gradle,174,0.06253346798394256
assistant,mermaid,163,0.05858020276656688
assistant,jsp,153,0.05498632529622535
assistant,as3,144,0.05175183557291797
assistant,nginx,141,0.05067367233181552
assistant,pascal,141,0.05067367233181552
assistant,mql5,139,0.04995489683774721
assistant,bat,135,0.0485173458496106
assistant,plantuml,124,0.04456408063223492
assistant,verilog,122,0.04384530513816662
assistant,stata,121,0.04348591739113247
assistant,regex,120,0.04312652964409831
assistant,conf,118,0.04240775415003001
assistant,ahk,113,0.040610815414859246
assistant,makefile,106,0.03809510118562018
assistant,lisp,103,0.03701693794451772
assistant,sas,97,0.034860611462312806
assistant,gd,89,0.03198550948603958
assistant,racket,81,0.029110407509766362
assistant,autohotkey,78,0.0280322442686639
assistant,nix,78,0.0280322442686639
assistant,asm,75,0.026954081027561447
assistant,wolfram,74,0.026594693280527295
assistant,renpy,73,0.02623530553349314
assistant,mysql,70,0.025157142292390685
assistant,vbscript,70,0.025157142292390685
assistant,objective-c,70,0.025157142292390685
assistant,osl,70,0.025157142292390685
assistant,hcl,68,0.024438366798322377
assistant,systemverilog,68,0.024438366798322377
assistant,supercollider,66,0.023719591304254075
assistant,vim,65,0.02336020355721992
assistant,csv,64,0.023000815810185767
assistant,text,62,0.02228204031611746
assistant,1c,61,0.02192265256908331
assistant,gml,59,0.021203877075015004
assistant,apache,58,0.02084448932798085
assistant,hlsl,56,0.020125713833912547
assistant,scilab,52,0.018688162845775937
assistant,vhdl,50,0.01796938735170763
assistant,txt,48,0.017250611857639327
assistant,sqf,48,0.017250611857639327
assistant,perl,47,0.01689122411060517
assistant,pseudo,44,0.015813060869502713
assistant,pine,44,0.015813060869502713
assistant,ocaml,41,0.014734897628400256
assistant,http,40,0.014375509881366105
assistant,basic,40,0.014375509881366105
assistant,scss,38,0.0136567343872978
assistant,reg,38,0.0136567343872978
assistant,applescript,38,0.0136567343872978
assistant,windev,37,0.013297346640263647
assistant,foxpro,37,0.013297346640263647
assistant,abc,36,0.012937958893229493
assistant,jinja,34,0.012219183399161188
assistant,nim,34,0.012219183399161188
assistant,svelte,32,0.011500407905092883
assistant,arduino,32,0.011500407905092883
assistant,razor,30,0.010781632411024578
assistant,scheme,30,0.010781632411024578
assistant,ada,29,0.010422244663990426
assistant,fortran,29,0.010422244663990426
assistant,maple,29,0.010422244663990426
assistant,octave,29,0.010422244663990426
assistant,mcfunction,28,0.010062856916956273
assistant,m,28,0.010062856916956273
assistant,xpath,27,0.00970346916992212
assistant,scratch,27,0.00970346916992212
assistant,prisma,26,0.009344081422887968
assistant,protobuf,26,0.009344081422887968
assistant,svg,26,0.009344081422887968
assistant,cypher,22,0.007906530434751357
assistant,minecraft,22,0.007906530434751357
assistant,tex,21,0.007547142687717205
assistant,powerapps,21,0.007547142687717205
assistant,cs,20,0.0071877549406830525
assistant,gherkin,20,0.0071877549406830525
assistant,pseudocode,18,0.006468979446614747
assistant,console,17,0.006109591699580594
assistant,plain,17,0.006109591699580594
assistant,blade,17,0.006109591699580594
assistant,pgsql,17,0.006109591699580594
assistant,elixir,16,0.005750203952546442
assistant,liquid,16,0.005750203952546442
assistant,cshtml,16,0.005750203952546442
assistant,smali,16,0.005750203952546442
assistant,clips,16,0.005750203952546442
assistant,ps,16,0.005750203952546442
assistant,pawn,16,0.005750203952546442
assistant,haxe,16,0.005750203952546442
assistant,jojo,16,0.005750203952546442
assistant,livecode,15,0.005390816205512289
assistant,kickstart,15,0.005390816205512289
assistant,gdb,14,0.005031428458478137
assistant,qml,14,0.005031428458478137
assistant,yara,14,0.005031428458478137
assistant,cfg,13,0.004672040711443984
assistant,graphql,13,0.004672040711443984
assistant,bsl,12,0.004312652964409832
assistant,processing,12,0.004312652964409832
assistant,mq4,12,0.004312652964409832
assistant,mql,12,0.004312652964409832
assistant,objc,12,0.004312652964409832
assistant,none,12,0.004312652964409832
assistant,antlr,11,0.003953265217375678
assistant,tcl,11,0.003953265217375678
assistant,cql,11,0.003953265217375678
assistant,vbs,11,0.003953265217375678
assistant,apple_script,11,0.003953265217375678
assistant,purebasic,11,0.003953265217375678
assistant,mathcad,11,0.003953265217375678
assistant,tsp,11,0.003953265217375678
assistant,halcon,11,0.003953265217375678
assistant,tjs,10,0.0035938774703415262
assistant,jql,10,0.0035938774703415262
assistant,blocks,10,0.0035938774703415262
assistant,django,10,0.0035938774703415262
assistant,meson,10,0.0035938774703415262
assistant,openscad,9,0.0032344897233073733
assistant,forth,9,0.0032344897233073733
assistant,shader,9,0.0032344897233073733
assistant,powerfx,9,0.0032344897233073733
assistant,rpy,9,0.0032344897233073733
assistant,elisp,8,0.002875101976273221
assistant,diff,8,0.002875101976273221
assistant,cucumber,8,0.002875101976273221
assistant,erlang,8,0.002875101976273221
assistant,plpgsql,8,0.002875101976273221
assistant,srt,8,0.002875101976273221
assistant,twig,7,0.0025157142292390683
assistant,plsql,7,0.0025157142292390683
assistant,mel,7,0.0025157142292390683
assistant,make,7,0.0025157142292390683
assistant,routeros,7,0.0025157142292390683
assistant,wiki,7,0.0025157142292390683
assistant,redis,7,0.0025157142292390683
assistant,ebnf,7,0.0025157142292390683
assistant,astro,7,0.0025157142292390683
assistant,actionscript3,7,0.0025157142292390683
assistant,qmake,6,0.002156326482204916
assistant,pro,6,0.002156326482204916
assistant,dot,6,0.002156326482204916
assistant,cuda,6,0.002156326482204916
assistant,zsh,6,0.002156326482204916
assistant,autoit,6,0.002156326482204916
assistant,env,6,0.002156326482204916
assistant,dm,6,0.002156326482204916
assistant,ncl,6,0.002156326482204916
assistant,nasm,6,0.002156326482204916
assistant,vimscript,6,0.002156326482204916
assistant,pug,5,0.0017969387351707631
assistant,ejs,5,0.0017969387351707631
assistant,qs,5,0.0017969387351707631
assistant,math,5,0.0017969387351707631
assistant,markup,5,0.0017969387351707631
assistant,flux,5,0.0017969387351707631
assistant,cron,5,0.0017969387351707631
assistant,bibtex,5,0.0017969387351707631
assistant,coq,5,0.0017969387351707631
assistant,pseudo-code,5,0.0017969387351707631
assistant,zig,5,0.0017969387351707631
assistant,x++,5,0.0017969387351707631
assistant,git,5,0.0017969387351707631
assistant,cisco,5,0.0017969387351707631
assistant,mongo,5,0.0017969387351707631
assistant,nsis,5,0.0017969387351707631
assistant,asdl,5,0.0017969387351707631
assistant,inf,5,0.0017969387351707631
assistant,less,5,0.0017969387351707631
assistant,sagemath,5,0.0017969387351707631
assistant,command,4,0.0014375509881366104
assistant,erb,4,0.0014375509881366104
assistant,msf,4,0.0014375509881366104
assistant,papyrus,4,0.0014375509881366104
assistant,macro,4,0.0014375509881366104
assistant,clojurescript,4,0.0014375509881366104
assistant,maxscript,4,0.0014375509881366104
assistant,yul,4,0.0014375509881366104
assistant,vbnet,4,0.0014375509881366104
assistant,fish,4,0.0014375509881366104
assistant,pig,4,0.0014375509881366104
assistant,eel2,4,0.0014375509881366104
assistant,terminal,4,0.0014375509881366104
assistant,caddyfile,4,0.0014375509881366104
assistant,bpftrace,4,0.0014375509881366104
assistant,ijvm,3,0.001078163241102458
assistant,wikicode,3,0.001078163241102458
assistant,sage,3,0.001078163241102458
assistant,mongodb,3,0.001078163241102458
assistant,terraform,3,0.001078163241102458
assistant,sol,3,0.001078163241102458
assistant,elm,3,0.001078163241102458
assistant,emacs-lisp,3,0.001078163241102458
assistant,html-vue,3,0.001078163241102458
assistant,dts,3,0.001078163241102458
assistant,jsonata,3,0.001078163241102458
assistant,html+php,3,0.001078163241102458
assistant,smarty,3,0.001078163241102458
assistant,swig,3,0.001078163241102458
assistant,avro,3,0.001078163241102458
assistant,ipython,3,0.001078163241102458
assistant,spl,3,0.001078163241102458
assistant,pine-script,3,0.001078163241102458
assistant,thrift,3,0.001078163241102458
assistant,qc,3,0.001078163241102458
assistant,apacheconf,3,0.001078163241102458
assistant,apex,3,0.001078163241102458
assistant,cython,3,0.001078163241102458
assistant,smt,3,0.001078163241102458
assistant,joy,3,0.001078163241102458
assistant,hiveql,3,0.001078163241102458
assistant,lilypond,3,0.001078163241102458
assistant,v,3,0.001078163241102458
assistant,puml,2,0.0007187754940683052
assistant,portugol,2,0.0007187754940683052
assistant,docker,2,0.0007187754940683052
assistant,fsharp,2,0.0007187754940683052
assistant,cobol,2,0.0007187754940683052
assistant,smalltalk,2,0.0007187754940683052
assistant,owl,2,0.0007187754940683052
assistant,tlis,2,0.0007187754940683052
assistant,config,2,0.0007187754940683052
assistant,ps1,2,0.0007187754940683052
assistant,nextflow,2,0.0007187754940683052
assistant,purescript,2,0.0007187754940683052
assistant,regexp,2,0.0007187754940683052
assistant,mdx,2,0.0007187754940683052
assistant,promql,2,0.0007187754940683052
assistant,opl,2,0.0007187754940683052
assistant,excel-vba,2,0.0007187754940683052
assistant,ahdl,2,0.0007187754940683052
assistant,datalog,2,0.0007187754940683052
assistant,org,2,0.0007187754940683052
assistant,gitignore,2,0.0007187754940683052
assistant,aspx,2,0.0007187754940683052
assistant,desktop,2,0.0007187754940683052
assistant,pf,2,0.0007187754940683052
assistant,ampl,2,0.0007187754940683052
assistant,gtk,2,0.0007187754940683052
assistant,unrealscript,2,0.0007187754940683052
assistant,wgsl,2,0.0007187754940683052
assistant,blitzbasic,2,0.0007187754940683052
assistant,visualforce,2,0.0007187754940683052
assistant,ladder,2,0.0007187754940683052
assistant,proto,2,0.0007187754940683052
assistant,ld,2,0.0007187754940683052
assistant,asp,2,0.0007187754940683052
assistant,gams,2,0.0007187754940683052
assistant,robot,2,0.0007187754940683052
assistant,overpass,2,0.0007187754940683052
assistant,zpl,2,0.0007187754940683052
assistant,dataview,2,0.0007187754940683052
assistant,dash,2,0.0007187754940683052
assistant,handlebars,2,0.0007187754940683052
assistant,spec,2,0.0007187754940683052
assistant,dotenv,2,0.0007187754940683052
assistant,mediawiki,2,0.0007187754940683052
assistant,ce,2,0.0007187754940683052
assistant,fennel,2,0.0007187754940683052
assistant,praat,2,0.0007187754940683052
assistant,yacc,2,0.0007187754940683052
assistant,procfile,2,0.0007187754940683052
assistant,gn,2,0.0007187754940683052
assistant,netlogo,2,0.0007187754940683052
assistant,blueprint,2,0.0007187754940683052
assistant,tablegen,2,0.0007187754940683052
assistant,mlir,2,0.0007187754940683052
assistant,sudoers,2,0.0007187754940683052
assistant,crontab,2,0.0007187754940683052
assistant,language,1,0.0003593877470341526
assistant,llvm,1,0.0003593877470341526
assistant,scad,1,0.0003593877470341526
assistant,patch,1,0.0003593877470341526
assistant,hoi4,1,0.0003593877470341526
assistant,hspice,1,0.0003593877470341526
assistant,react,1,0.0003593877470341526
assistant,logo,1,0.0003593877470341526
assistant,coffeescript,1,0.0003593877470341526
assistant,crystal,1,0.0003593877470341526
assistant,boo,1,0.0003593877470341526
assistant,vala,1,0.0003593877470341526
assistant,tsql,1,0.0003593877470341526
assistant,xslt,1,0.0003593877470341526
assistant,tcsh,1,0.0003593877470341526
assistant,graphviz,1,0.0003593877470341526
assistant,drools,1,0.0003593877470341526
assistant,scratchblocks,1,0.0003593877470341526
assistant,gpc,1,0.0003593877470341526
assistant,mosel,1,0.0003593877470341526
assistant,registry,1,0.0003593877470341526
assistant,batchfile,1,0.0003593877470341526
assistant,flex,1,0.0003593877470341526
assistant,bison,1,0.0003593877470341526
assistant,curl,1,0.0003593877470341526
assistant,aidl,1,0.0003593877470341526
assistant,bazel,1,0.0003593877470341526
assistant,autolisp,1,0.0003593877470341526
assistant,npm,1,0.0003593877470341526
assistant,bnf,1,0.0003593877470341526
assistant,ssh_config,1,0.0003593877470341526
assistant,sass,1,0.0003593877470341526
assistant,idl,1,0.0003593877470341526
assistant,fbs,1,0.0003593877470341526
assistant,as,1,0.0003593877470341526
assistant,move,1,0.0003593877470341526
assistant,shaderlab,1,0.0003593877470341526
assistant,jil,1,0.0003593877470341526
assistant,bms,1,0.0003593877470341526
assistant,tmux,1,0.0003593877470341526
assistant,uci,1,0.0003593877470341526
assistant,lsl,1,0.0003593877470341526
assistant,cplusplus,1,0.0003593877470341526
assistant,conky,1,0.0003593877470341526
assistant,cmmake,1,0.0003593877470341526
assistant,jsonl,1,0.0003593877470341526
assistant,string,1,0.0003593877470341526
assistant,swrl,1,0.0003593877470341526
assistant,huff,1,0.0003593877470341526
assistant,walter,1,0.0003593877470341526
assistant,ldap,1,0.0003593877470341526
assistant,sourcepawn,1,0.0003593877470341526
assistant,dataviewjs,1,0.0003593877470341526
assistant,raw,1,0.0003593877470341526
assistant,plist,1,0.0003593877470341526
assistant,ics,1,0.0003593877470341526
assistant,afl,1,0.0003593877470341526
assistant,awk,1,0.0003593877470341526
assistant,s,1,0.0003593877470341526
assistant,bbc,1,0.0003593877470341526
assistant,stan,1,0.0003593877470341526
assistant,ridl,1,0.0003593877470341526
assistant,url,1,0.0003593877470341526
assistant,ascii,1,0.0003593877470341526
assistant,func,1,0.0003593877470341526
assistant,eel,1,0.0003593877470341526
assistant,aspnet,1,0.0003593877470341526
assistant,zoql,1,0.0003593877470341526
assistant,pgsq,1,0.0003593877470341526
assistant,aftereffects,1,0.0003593877470341526
assistant,qbasic,1,0.0003593877470341526
assistant,quakec,1,0.0003593877470341526
assistant,arm,1,0.0003593877470341526
assistant,rst,1,0.0003593877470341526
assistant,abap,1,0.0003593877470341526
assistant,skript,1,0.0003593877470341526
assistant,prism,1,0.0003593877470341526
assistant,qsharp,1,0.0003593877470341526
assistant,psudo,1,0.0003593877470341526
assistant,mocodo,1,0.0003593877470341526
assistant,lrc,1,0.0003593877470341526
assistant,wikitext,1,0.0003593877470341526
assistant,hs,1,0.0003593877470341526
assistant,lex,1,0.0003593877470341526
assistant,cxx,1,0.0003593877470341526
user,all,404,100.0
user,python,68,16.831683168316832
user,bash,49,12.128712871287128
user,java,47,11.633663366336634
user,javascript,42,10.396039603960396
user,cpp,24,5.9405940594059405
user,diff,18,4.455445544554455
user,shell,17,4.207920792079208
user,json,15,3.7128712871287126
user,xml,11,2.722772277227723
user,html,9,2.2277227722772275
user,rust,9,2.2277227722772275
user,markdown,9,2.2277227722772275
user,jsx,7,1.7326732673267329
user,select,6,1.4851485148514851
user,lua,6,1.4851485148514851
user,mermaid,6,1.4851485148514851
user,julia,6,1.4851485148514851
user,haskell,5,1.2376237623762376
user,twig,4,0.9900990099009901
user,sql,4,0.9900990099009901
user,css,3,0.7425742574257426
user,typescript,3,0.7425742574257426
user,kotlin,3,0.7425742574257426
user,stan,2,0.49504950495049505
user,html-vue,2,0.49504950495049505
user,sh,2,0.49504950495049505
user,ps1,2,0.49504950495049505
user,csv,2,0.49504950495049505
user,systemverilog,2,0.49504950495049505
user,csharp,1,0.24752475247524752
user,cmake,1,0.24752475247524752
user,bibtex,1,0.24752475247524752
user,ruby,1,0.24752475247524752
user,c,1,0.24752475247524752
user,r,1,0.24752475247524752
user,vue,1,0.24752475247524752
user,plaintext,1,0.24752475247524752
user,err,1,0.24752475247524752
user,error,1,0.24752475247524752
user,c+++,1,0.24752475247524752
user,powershell,1,0.24752475247524752
user,lang,1,0.24752475247524752
user,dart,1,0.24752475247524752
user,text,1,0.24752475247524752
user,base64,1,0.24752475247524752
user,solidity,1,0.24752475247524752
user,verilog,1,0.24752475247524752
user,crelasticran_integration_request_with_empty_celldata,1,0.24752475247524752
user,log,1,0.24752475247524752
user,srt,1,0.24752475247524752
